{
    "model_name": "Logistic Regression",
    "evaluation_metrics": {
        "accuracy": 0.5458333333333333,
        "precision": 0.41818181818181815,
        "recall": 0.23,
        "f1": 0.2967741935483871,
        "confusion_matrix": 